Index	Section	Name	Brewery	Character	Strength	Complexity	Style	Description				
1	1	BOBA BEER	Dad & Dave's Brewing	character	6%	STEPPING UP	Sour - Berliner Weisse	A delightfully tart Grapefruit Beliner Weisse infused with Jasmine Green Tea. Bit notes of citrus and floral jasmine. Serve with Tapioca Pearls for full experience!				
2	1	HOMESTEAD BLACKBERRY & APPLE PASTRY SOUR	The Coastal Brewing Company	character	6%	EASY DRINKING	Specialty Beer	Perfect for an autumn or winter evening bringing crumble to a glass!				
3	1	SUIT UP	7th Day Brewery	character	6.5%	STEPPING UP	IPA - Black	A dark malt base gives off a roasted flavours. Chocolate and raisins mingle with piney resin and citric floral hops. Suit up and enjoy the ride!y.				
4	1	WHISKEY IN THE JAR	Six String Brewing Co.	character	12%	ADVENTUROUS	Wood Aged Beer	"A barrel aged, American-Style Imperial Stout. Conditioned on a single batch whiskey distilled from a stout inspired wash. This beer is a ""Boilermaker"" in a glass"				
5	1	MARSDEN NEOPOLITAN PORTER	The Marsden Brewhouse	character	5.5%	STEPPING UP	Stout - Tropical	"Marsden Neopolitan Porter - Just like the ice cream, Berry - Vanilla - Chocolate! It's a different take on our usual Chocolate Porter with the three distinct ingredients combining to create a triumvirate of flavour! Try it with a piece of Chocolate Mudcake or maybe just a piece of chocolate!"				
6	1	GO! GO! ICHIGO!	The Mill Brewery	character	5.5%	STEPPING UP	Sour - Gose	Umami! Salty! Strawberry! Sour!				
7	1	MARKET 2023	Hop Nation Brewing Co	character	6%	STEPPING UP	IPA - New England	"Kaffir lime leaf, mango, coriander, Vietnamese mint and chilli have been integrated into this juicy IPA. A fun and exciting voyage that will take IPA fans through to the flavours of fusion."				
8	1	BARREL AGED RUM DOUBLE CHOC BROWN ALE	Bad Shepherd Brewing Co	character	7.5%	ADVENTUROUS	Specialty Beer	"A smooth, toasty and malty brown ale brewed with real hazelnuts, vanilla, cocoa, Jimmy Rum and a splash of Frangelico, this tempting brew was squirreled away by our brewers into Rum barrels. The result is a rich and decadent Double Choc Hazelnut Brown Ale with plenty of character."				
9	1	I AM WEISS	Yenda Brewing Co	character	5%	EASY DRINKING	Weizen/Weissbier/Hefeweizen	An Australian style wheat beer with the fruitiness of raspberries to pack a zingy punch for this sessional and very quaffable beer.				
10	1	"TIM, TAM & TOM"	B.O.B	character	5.9%	EASY DRINKING	Brown Ale - UK	"Classical British Ale with Tim Tams. Front palate will have loads of biscutiness, followed by a mid palette showing some hoppy character followed by a sweet lasting finish."				
11	1	MOLECULAR BUBBLE TEA IPA	The Zythologist	character	6.2%	STEPPING UP	IPA - Milkshake	"A decadent Milkshake IPA brewed with purple taro,milk sugar, brown sugar, tapioca, wheat and oats. Complimentary use of floral & fruity hops with a subtle bitter bite reminds you this is still very much a beer, but one that's impostering the Chemistry of a refreshing taro bubble tea."				
12	1	LAVENDER CHEESECAKE	Sauce Brewing Co	character	8%	ADVENTUROUS	Sour - Pastry	The name says it all! This rich desert sour has delicate lavender aromas with a cheesy (in a good way) twist. Contains lactose.				
13	1	SAB LITE	St Andrews Beach Brewery	character	4.5%	EASY DRINKING	Lager - Pale	"A crushable American Light Lager brewed with a classic malt profile of pilsner malt, rice and corn."				
14	1	DON’T GO BAKING MY HEART (NITRO CINNAMON PASTRY STOUT)	Local Brewing Co	character	8%	ADVENTUROUS	Stout - Pastry	"Crafted with passion and heart using leftover scrolls from a local bakery, the warm and 'dough-lightful' aroma of cinnamon will immediately transport you to a cozy place, inviting you to take a sip of the rich and creamy body. The pronounced sweetness of the pastry perfectly balances with the boldness of the 8% ABV, creating an intense flavour combination."				
15	1	CHERRY MAGUIRE	Feral Brewing Co	character	6.5%	STEPPING UP	Sour - Pastry	"Sweet cherries create an acidic fruit burst, balancing out the tartness of this sour, with interwoven notes of fluffy pastry and vanilla crisscrossing like a classic cherry pie."				
16	1	THE TAVERNER ALL BRUT LOW GLUT	Urban Alley Brewery	character	7%	ADVENTUROUS	IPA - White	"Talus & Citra craft layered waves of tropical fruit melded with spicy Belgian yeast, all tied up in a lean and dry frame with low carbs, low gluten and loads of flavour."				
17	1	THE LOVER	Co-Conspirators Brewing	character	8%	ADVENTUROUS	Stout - Pastry	"Not only for the sweet tooth inclined drinker, this dessert stout is melding the flavours of caramel, chocolate and soy sauce to create a balanced and complex delight. The Lover will tantalise your tastebuds with the rich flavours of chocolate and caramel and balance that sweetness with the umami and salinity of soy sauce."				
18	1	ESCAPE WITH THE SCHWARTZ	Escape Brewing	character	5%	EASY DRINKING	Lager - Dark	A clean German style dark lager (Schwarzbier) to delight dark beer lovers and newcomers alike through its smooth malt and dry finish with hints of mint.				
19	1	ONLY FLANS	Big Shed Brewing Concern	character	6.9%	STEPPING UP	Sour - Pastry	"Subscribe to our OnlyFlans, a vanilla custard, fruited sour. No monthly fees just explicit deliciousness. Coming in at a suggestive 6.9% with all the classic vanilla custardy goodness, paired with fruits and thick mouthfeel, it puts the phrase ‘limited release’ into a whole new context….."				
20	1	UNICORN NEIPA	Seeker Brewing	character	7.2%	ADVENTUROUS	IPA - New England	"For this year's GABS special, all of our mystical energy was channeled into a beer that can only be described as a Unicorn. It boasts a familiar, tropical, juicy flavour and a sprinkle of magic that may have you questioning whether it ever existed at all. The rest of the tasting notes - we leave to you."				
21	2	CALYPSO	Resin Brewing	character	6%	EASY DRINKING	IPA - Hazy	"With pineapple notes up-front, Calypso is the juicy, easy-drinking brew you’ve been waiting for."				
22	2	LONG ISLAND ICED TEA SOUR	Catchment Brewing Co	character	7.5%	ADVENTUROUS	Sour - Kettle Sour	"Ahh the Long Island Iced Tea. A cocktail that many know, but don't understand. Big, bold cola flavour, with citrus notes from lemon and orange giving the sour touch. Balanced out with the sweetness of the expected booze aitting at 7.5%. It's special, it's delightful, it's GABS baby!"				
23	2	UPPER MANAGEMENT	Psycho Suzie’s Brewing	character	8.5%	ADVENTUROUS	IPA - Red	"Malt biscuity backbone, with a west coast style bitterness and piney-ness. Followed with aromas of stone fruit and resin."				
24	2	DESERT LIME GIMLET IPA	Noodledoof	character	6.8%	STEPPING UP	Specialty Beer	"The flavor is citrus forward with a helping hand from Australian Native Desert Limes that bring a vibrant mandarin flavor. We utilise the heads of our own Koroit Gin, packed full of citrus oils that are a bit too intense for our gin but are a perfect fit for this IPA."				
25	2	VIOLET BEAUREGARDE’S BLUEBERRY MARSHMALLOW LACTOSE SOUR ALE	Wayward Brewing Co	character	4%	EASY DRINKING	Sour - Pastry	"Transport yourself to Willy Wonka's factory. Tart, juicy blueberries come together with the subtle sweetness of marshmallow and a smooth, creamy mouthfeel."				
26	2	AUGUSTUS GLOOP’S CHOC FUDGE PEANUT BRITTLE STOUT	Batch Brewing Co	character	6%	STEPPING UP	Stout - Pastry	Roasty notes of chocolate and caramel are met by the nuttiness of peanut brittle and the creamy sweetness of vanilla.				
27	2	"RED FROG, RASPBERRY DARK LAGER"	Blackman’s Brewery	character	5%	EASY DRINKING	Lager - Dark	A dark lager made with copious amounts of red frogs and Raspberries. A crisp easy drinking beer with fruity Choc berry explosion of red frog delight!				
28	2	CHERRY FRUITED BRAGGOT	Coldstream Brewery	character	6.5%	None	Braggot	"A blend of a heavily cherry-fruited Saison, and a Braggot Brewed with local honey. Luscious and sweet with a dry finish, aromatic cherry and honey flavours and an unmistakable Saison spice."				
29	2	BANANARAMA PINA COLADA	Good Land Brewing Co	character	5.8%	EASY DRINKING	Sour - Fruit	"Banana Pina Colada is our super smoothie base with Banana, Marshmellow, Coconut & Pineapple. Contains Lactose."				
30	2	THROWING HAZE	Precinct Brewing	character	6.8%	STEPPING UP	IPA - Hazy	"This stack of hop character is built upon a solid malt base containing multiple types of malted and rolled oats, with a dash of high-quality Yuzu juice. The acidity cuts through on the back end of the palette, snapping in its unique flavour and keeping the mouth wanting more!"				
31	2	STICKE COFFEE KOLSCH	King River Brewing	character	7%	ADVENTUROUS	Kölsch	"Cold brewed coffee on a double strength ""Sticke"" Kolsch. Deep golden, bready malt base with 100 litres of coffee from our local Coffee roaster. This won't just wake you up in the morning, it'll make sure you feel great about the day too. At least for the first part of the day"				
32	2	SQUISHEE	Black Hops Brewery	character	6.5%	STEPPING UP	Sour - Kettle Sour	High sweetness and thick mouthfeel with a large fruit addition of Strawberry and Lime as the beer will be offered as a slushee at our stall as well as on tap.				
33	2	PEANUT BUTTER BROWNIE IMPERIAL STOUT	Deeds Brewing	character	10%	ADVENTUROUS	Stout - Imperial	"A delicious and indulgent treat that combines rich chocolate, creamy peanut butter, and roasty stout flavours. The taste is smooth, rich and chocolatey, with a creamy peanut butter flavour that complements the fudgy, brownie-like sweetness, and the mouthfeel is full and velvety."				
34	2	BARELY LEGAL	Blackflag Brewing	character	18.1%	ADVENTUROUS	IPA - Imperial	"Its big, bold and barely legal. Nice rounded Quad IPA packing a punch. It's bitter, boozy and something to tell your friends about."				
35	2	MUNICH DUNKEL	"Five' 3"" Brewing"	character	5%	EASY DRINKING	Munich Dunkel	Subtle sweet notes of toffee with light floral and herbal aroma with some spice added in.				
36	2	THROAT POUR	Bonehead Brewing	character	5.1%	EASY DRINKING	Lager - Classic German Pilsner	"When you need something to remind you why you first fell in love with craft beer. Throat Pour is a Classic German Pilsner, featuring Tettnanger and Perle hops, making it a refreshing crispy-boi with a subtle spice and pine finish and gentle floral aroma."				
37	2	BLACK FORREST CAKE SOUR	Revel Brewing Co.	character	6%	STEPPING UP	Sour - Pastry	"Luscious & divine, who can resist a slice of Black Forrest Cake? Dark Chocolate, Coffee, and Black Cherry with a creamy smooth body topped off by a bitey acidity to finish."				
38	2	PEAK HYPE 	Pixel Brewing	character	6.5%	STEPPING UP	IPA - American	"Featuring Nectaron, the latest and greatest hop released by NZ Hops teamed up with one of our other local favourites in Vic Secret for a tropical fruit punch to the face. A clean and light malt base showcasing the hops."				
39	2	DRINKIN’ DONUTS IMPERIAL JAM DONUT GOLDEN ALE	Bright Brewery	character	8%	ADVENTUROUS	Experimental Beer	"Is there anything more iconic than the Hot Jam Donut? Sugar, spice, and all things nice - not to mention oozing with sweet raspberry jam. Bright Brewery's Drinkin' Donuts Imperial Jam Donut Golden Ale will transport you directly to beer drinkin' heaven!"				
40	2	THE SNOWBALL EFFECT	Wolf of the Willows	character	10.5%	ADVENTUROUS	Stout - Pastry	"Imperial Stout aged in whisky barrels for 9 months, finished on cocoa nibs, vanilla and coconut. Contains lactose."				
41	3	RYE RYE RYE DELIAH	Braeside Brewing Co	character	6.5%	STEPPING UP	IPA - Red	"Rye not give it a go, a bright red ipa packed with rye malt, chuck in Darjeeling tea leaf and you find yourself in a cross continent heaven. Crazy aromatic with a spicy toffee malt build."				
42	3	"""GRANDMERE'S CRUMBLE"" RHUBARB & CUSTARD (APPLE) SAISON"	Badlands Brewery	character	6%	STEPPING UP	Saison/Farmhouse Ale	"Tassie Rhubarb, QLD Custard Apples & a French farmhouse beer style. Piquant, smooth and gentle. Comfort Food in a glass"	 mango	 Banana	 Vanilla	" Granola & Spirulina the almighty hexagon health boost. Contains Lactose (Disclaimer : This may not make you healthy) But it may.."""
43	3	CAN'T BEET A ROOT	Moffat Beach Brewing Co	character	4.8%	STEPPING UP	Lager - Classic Pilsner	"Beetroot. Whether it’s leaking the red stuff all over your burger with the lot, or ‘garnishing’ your Mum’s iceberg lettuce ‘salad’, is there any veg more quintessentially Australian? Well, we’ve taken it one step further, and whacked it in a beer. That’s right. Beetroot. In. Your. Beer. Can’t beet it."				
44	3	COTTON CANDY SOUR	Shifty Lizard Brewing Co.	character	4.8%	EASY DRINKING	Sour - Kettle Sour	"Like flying swiftly over the rainbow, this kettle sour is as much sweet as it is sour and tart. A balance that will take you back to the side show alley while still puckering lips and clicking your tongue on the roof of your mouth!"				
45	3	THE CRAFT AND CO. WIPA	Craft and Co.	character	6.5%	STEPPING UP	IPA - Imperial	"A wheat-based IPA brewed exclusively with Australian ingredients. Bursting with bright citrus, stone fruit, and tropical flavors. Fermented with a clean ale to allow big hop flavor to be showcased, with a smooth, creamy, refreshing, wheat back bone."				
46	3	WAGGLE BUZZ	Tallboy and Moose	character	6.6%	STEPPING UP	Braggot	"Ah, the braggot! A perfect blend of mead and beer, a liquid love story in your glass. Honey undertones mingle with caramel and biscuit flavours care of Cara Amber and Munich malts. Get your waggle on!"				
47	3	BOGAN FUEL	Reckless Brewing Co	character	6.9%	STEPPING UP	Specialty Beer	"Rev your engines for a lip-smacking supercharged sip of sheer westie goodness with Bogan Fuel, especially for GABs. Take your classic rum and cola and redline the flavour with a sour twist, and there you have it – all the power and grunt of a V8 in a can, with a punch like a polar bear and a winning finish like Craig Lowndes at his cracking best. Get your mouth"				
48	3	CHROME FURY	Modus Brewing	character	6%	STEPPING UP	Sour - Pastry	"A mango and coconut dessert in liquid form. Delicious fruity flavours with a hit of vanilla, delivering the ultimate blend of sweet with a slap of sour at the end."				
49	3	BISCOFF ICE CREAM PORTER	Aether Brewing	character	8%	ADVENTUROUS	Experimental Beer	"A delicious, smooth, rich and decadent porter base that is dripping with biscoff and vanilla! Aromas of the namesake biscuit along with subtle roasted malts combine to offer a mildly sweet treat that will leave you drooling for more!"				
50	3	GINGER NUT SPARKLING IPA	Eumundi Brewery	character	6%	STEPPING UP	IPA - Brut	"We hail form the best ginger growing region in the country, and we love our beer and biscuits. This is our Brut IPA with classic overtones of ginger, cinnamon, and brown sugar all in one glass."				
51	3	IMPERIAL LEMON MERINGUE TART SOUR	Stoic Brewing	character	8.3%	ADVENTUROUS	Sour - Pastry	"We've used a new novel yeast foraged locally by Mogwai Yeast Labs that ferments and sours as well! It gives zesty citrus character that we've bumped up to 11 with real lemon puree. We've used Biscuit malt from Voyager Craft Malt to give that tart crust flavour along with oats, vanilla and lactose to produce a full on flavour bomb that's silky, smooth, tart and rounded. An ode to all our favourite grandmas classic dessert."	 featuring Peanut Butter	 Blueberry Jam	" & Maple Bacon Sandwich."""	
52	3	HOP QUAD BUNS	Mismatch Brewing Co	character	10.5%	STEPPING UP	Belgian Quad	"If a Belgian baker started brewing and only made beers that tasted like they came from a bakery, you would have Hop Quad Buns. Everybody's Easter favourite, Hot Cross Buns combined with a big Belgian Quad. Expect dark fruit and sweetness, with the spice of a Hot Cross Bun."				
53	3	MULBERRY BUSH IMPERIAL IPA	Merino Brewery	character	7.5%	STEPPING UP	IPA - Black	"Fruited beer that’s not sour! A bucket load of Mulberries and then some more added to this beer giving a good balance of sweet and tart flavours with a hint of woody cedar to bridge the piney bitterness an of an American classic. This imperial edition certainly slaps the right notes, in all areas."				
54	3	TAKE 5 - CHOC CARAMEL PEANUT BUTTER CUP DOUBLE MILK STOUT	Working Title Brew Co	character	8%	ADVENTUROUS	Stout - Pastry	"Everyone needs a break. Hell, you know you've earned it. So take five and lose yourself in a big, chewy choc caramel peanut butter cup beersplosion that's guaranteed to make you regret not taking the whole day off. First up, decadent caramel and rich peanut butter whack you right in the schnozarooni. Layers of chocolate and caramel malt complexity blend intricately with the peanuts and a decadent, muscovado body. A saline body lifts the overall flavours for one hell of a savoury peanut butter cup experience that will leave you gagging for more."				
55	3	SALVAGED SOUR - APPLE & RHUBARB CRUMBLE PASTRY IMPERIAL SOUR	Capital Brewing Co	character	10%	ADVENTUROUS	Sour - Pastry	Brewed using ingredients that would've been thrown out. 'Ugly' apples and rhubarb were sourced from a local farmer and given a second life. This sweet biscuity base beer is loaded with a heap of specialty malts to give you a brown sugar and honey crumble flavour and is the perfect balance of sweet & sour. *Contains lactose.				
56	3	BLOODY MISTIC	Common Ground Brewing	character	6%	STEPPING UP	American Wheat	"Our Blood Orange and Sage Wheat pours a golden straw colour with plenty of haze topped with a fluffy white head of foam. The aroma is juicy and somewhat spicy, earthy, floral character with an undercurrent of wheat. On the palate, look for a nice breadiness at the centre of this beer with a big juicy and herbal hit from the blood orange and sage followed with some mild bitterness."				
57	3	MAPLE BACON PANCAKE STOUT	Slipstream Brewing Co	character	7%	STEPPING UP	Stout - Sweet Stout	"Picture a tall stack of fluffy pancakes, topped with maple bacon and vanilla ice cream, and an extra drizzle of maple syrup for good health. Now picture it in stout form - what a delicious start to the day! This decadent milk stout features a fluffy mouthfeel, and is stacked with flavours of sweet maple, vanilla, smoky bacon, toast and roast."				
58	3	PEAK HYPE 	Green Beacon	character	6.1%	LUSH GUAVA BEER - GREEN BEACON X VODKA CRUISER COLLABORATION	Sour - Mixed Fermentation	"We've teamed up with everyones favourite RTD company to create Green Beacons version of Lush Guava Cruiser. This electric pink, double fruited, mixed fermentation sour ale is packed with naturally sweet aromas and flavours of Lush Guava, a hypersonic ABV (6.174) and a tart, refreshing finish."				
59	3	ELEKTRO SOUR WORMHOLE	Bridge Road Brewers	character	4.3%	EASY DRINKING 	Sour - Berliner Weisser	This existential duology explores the extremities of sour and sweetness in a mind bending beer that looks like Aurora Australis and tastes like elektro-soaked sour worms.				
60	3	THA THICCNESS VERSION 2	Squinters Brewing co	character	6.7%	STEPPING UP	IPA - Hazy	"Tha Thiccness, Oat cream IPA so overwhelmingly wide, one must be referred to as 'Tha Thiccness' by all who experience. Dosed with lactose, oats and new world hops"				
61	4	CARNIVAL SOUR	Easy Times Brewing	character	6%	STEPPING UP	Sour - Pastry	"In a world of beer gone mad it's sometimes difficult to tell where a drink stops being beer and starts being....uhh....a fermented malt beverage. If you can't beat them, join them! Easy Times Carnival Sour is our shot at jumping on the meme beer bandwagon! Laden with edible glitter, lactose and sour as hell to boot, this pink lemonade sour shimmers as you sip at it. Served with fairy floss and wonka nerds when poured at the brewery stand!"				
62	4	THE NUGGET	Valley Hops Brewing	character	6.5%	STEPPING UP	Wild Australian IPA	"100% fermented with wild yeast, this Aussie IPA is surprisingly clean while boasting ripe pineapple, peach and citrus with just the right amount of funk."				
63	4	BUCK YEAH	Stomping Ground Brewing Co	character	13%	ADVENTUROUS	Eisbock	"In true Capricorn style, Buck Yeah Eisbock set its sights on being the G.O.A.T. The strongest, most ambitious beer in Stomping Ground’s zodiac beer line up. Stored below freezing temp, this beast of a brew hoofed it to a huge 13% ABV. With caramel, dark fruit and molasses notes, it’s an overachiever that’s sure to float your goat."				
64	4	BURLEIGH BLACK GIRAFFE DOUBLE SHOT.	Burleigh Brewing	character	9.5%	ADVENTUROUS	Lager - Imperial Pils/Lager	Brewed in collaboration with a local coffee roaster; imperial black coffee lager.				
65	4	IMPERIAL WHITE CHOC & MACADAMIA STOUT	Your Mates Brewing Co	character	9%	ADVENTUROUS	Stout - Imperial	"We've taken a big abv stout, pulled out the darkness and infused it with the richest of white chocolate sauce and macadamia to create a fancy AF desert beer. Isn't a stout supposed to be dark you say? We have used all pale malts with cocoa nibs & coffee beans to inject all the roastiness of a stout but the colour of a milky bar!"				
66	4	WEEKEND AT WILLIES	Willie The Boatman	character	6.5%	STEPPING UP	Sour - Kettle Sour	"It’s a beach holiday, Weekend at Willies!! We have put together a fresh and tropical kettle sour, utilising every tropical fruit we could get our hands on. Dry hopped with Sabro and added toasted coconut and vanilla, it will whisk you away to a beach from long ago, drinking cocktails on the sand while watching the waves roll in. Come join us for a Weekend at Willies !!"				
67	4	LIFE CAN BE SWEET & SOUR	Shark Island Brewing Co	character	6.9%	STEPPING UP	Specialty Beer	"The Grumpy Brewer was celebrating his Wedding Anniversary and ordering takeaway when he spilt some champagne on his laptop that froze the screen on Sweet & Sour Pork... which inspired him to create a zesty Saison infused with Cinnamon and Pineapple. Expect a crisp, refreshing sweet and spicy drop."				
68	4	FISTS OF FIORI	Heroes and Villains	character	6%	STEPPING UP	Sour - Pastry	"Looks like an IIPA, the underlying beer and profile is IIIPA. The flavour is a big AF coffee espresso. The coffee beans are roasted only for this brew. The coffee roasters would describe the bean flavours as ""purple"". This will blow your mind!"				
69	4	BARREL-AGED RASPBERRY IMPERIAL STOUT	Jetty Road Brewery	character	10%	ADVENTUROUS	Stout - Imperial	"Boasts a strong aroma of dark roasted malts along with rich decadent layers of chocolate, coffee and a raspberry punch to finish. Just like a Black Forrest cake your nan made for afternoon tea."				
70	4	CHOC BERRY BOMB	Dainton Beer	character	7%	STEPPING UP	Sour - Berliner Weisse	"Get ready to experience a Berliner Weisse like never before! A sour beer bursting with the sweet and tangy flavors of dark berries, complemented perfectly with hints of decadent chocolate. Served on nitro, it's the ultimate refreshing sipper with a luxuriously creamy texture."				
71	4	DAYUMMM	Warrandyte Brewing Co.	character	5.5%	EASY DRINKING	Schwarzbier	"Brewed as a traditional Schwarzbier, this easy drinking, crisp dark Lager has hints of chocolate and coffee on the nose and on the taste buds. Tipping our hat at tradition, whilst putting our own unique spin on a great winter beer."				
72	4	TROPO-THIOL	Frenchies Brewery	character	8%	STEPPING UP	Imperial IPA	"The Tropo-Thiol will be the latest in our IPA collab series with Freestyle Hops and Hopsters. It's a super juicy Double IPA that will showcase the brand new TropicAle yeast from White Labs, plus feature thiol precursor packed Freestyle Hops from New Zealand's Nelson Valley, and it'll be topped with their innovative SubZero Hop Kief oils."				
73	4	G AND T GOSE	Sydney Brewery	character	5%	EASY DRINKING	Sour - Goser	Easy drinking Gose style with juniper berry and cucumber notes. This is a refreshing twist on the Hendricks and cucumber G and T.				
74	4	BALLOON ANIMALS	Mountain Culture Beer Co	character	7.5%	STEPPING UP	IPA - Milkshake	This juicy treat has been loaded up with Madagascan vanilla beans and heavy additions of Peacherine from Freestyle Hops over in New Zealand which are known for its intense peach flavours. The addition of creamy lactose sugars gives this beer a silky smooth body and complements the sweetness of the vanilla almost like a peaches and cream dessert.				
75	4	GARTH’S FAVE PUNCH BOWL	Mountain Goat	character	6.5%	STEPPING UP	Specialty Beer	Tiki-style rum barrel sour cocktail. Tropical fruit sour ale blended with pineapple juice and fermented in rum barrels with two strains of yeast.				
76	4	"MIND-BOTTLING, ISN’T IT?"	Westside Ale Works	character	18%	ADVENTUROUS	Stout - Imperial	"Be prepared to have your mind bottled! We have brewed our largest Imperial Stout to date! Rich dark roasted malts giving chocolate and espresso vibes. Balanced with hops and the addition of bourbon and rum oak staves. Did you just say, ‘mind-bottling?"				
77	4	VOVO WHIP	ATOMIC	character	4.5%	EASY DRINKING	Sour - Kettle Sour	"Modelled off the treasured biscuit favourite served by Nans around Australia, this Raspberry Coconut Sour tastes exactly as it sounds. Tart, refreshing and delightfully nostalgic."				
78	4	MOUNTAIN SUNSET	Katoomba Brewing Co.	character	6.5%	STEPPING UP	IPA - Red	"We've been rotating our way through some of the newer hop varieties of late and one that really blew our socks off as soon as we opened the bag was Nectaron. NZ's flagship hop bursts with tropical pineapple, passionfruit, peach & grapefruit. Add that to one of our other favourite hops Vic Secret which features stupid amounts of tropical pineapple and a hint of pine and you can't really go wrong."				
79	4	MANGO STORMY	Soapbox Beer	character	5.2%	STEPPING UP	Lager - Dark	You'd be surprised if it didn't taste like mango beer but do you know what else is hidden in this dark malty lager? The thunderstorms of the sub tropics have inspired a gingered malt forward mango storm. Come find out what else is lurking in the dark.				
80	4	BARREL AGED IMPERIAL PORTER	Akasha Brewing Co	character	10.2%	ADVENTUROUS	Porter	"This beer was the first to rest in Whiskey Barrels sourced from a renowned Australian distillery. Prior to the whiskey, these barrels previously held Pedro Ximinez fortified wine. In addition, these smaller 100L barrels have resulted in a rich infusion of whiskey and oak flavour, due to the increased surface area reaction between the beer and wood. On the nose expect strong aromas of whiskey, oak, chocolate and sherry. It pours a rich black-ish brown colour with ruby red highlights. On the palate, it drinks with a smooth and warming sensation with the initial whiskey induced alcohol heat fading away to fortified wine and oaky notes, brimming with dried fruits such as raisins, figs and dates and rounded out by a subtle vanilla-y sweetness."				
81	5	BRUT IPA	Quakers Hat Brewing	character	6.3%	STEPPING UP	IPA - Brut	"A bone dry finish and big fruity hop flavour, coupled with high carbonation make this big boozy IPA super refreshing!"				
82	5	SMOKEY BACON BALLS	Brewmanity Beer Co	character	7%	ADVENTUROUS	Rauchbier	"Your old school favourite snack, but it's better as a beer! As a certain Cheetah may or may not have said ""Dangerously smokey"""				
83	5	ALMIGHTY ASAM	Beerfarm	character	7.8%	ADVENTUROUS	Sour - Gose	"We thought the curious Asam Boi salted plum would make the perfect weird and wonderful addition to a gose for their intense saltiness, dried plum character and vibrant colour. A German classic with an Asian twist, expect tartness as bright as it's colour, and an almighty ABV to match."				
84	5	CHEERY RIPE PORTER	Currumbin Valley Brewing	character	4.8%	STEPPING UP	Brown Porter	"A velvety, smooth chocolate brown porter with cherries, cacao & toasted coconut. Inspired by the popular Cherry Ripe chocolate bar!"				
85	5	WOOLSHED BREWERY AND VILI'S FAMILY BAKERY MEAT PINT	Woolshed Brewery	character	7.2%	ADVENTUROUS	Specialty Beer	"Partnering with South Australian pie icons Vili's, we present a spicy dark beer brewed with the secret flavour mix used in Vili's legendary meat pies to create.. Meat Pint."				
86	5	PUMPKIN OF LIBERTY IPA	TWØBAYS Brewing Co	character	7%	STEPPING UP	IPA - American	"Brewed with smashed pumpkin and yellow corn malt, then balanced with a late addition of piney and citrusy American hops, we’ve created a Westcoast IPA with a Southern states twist and without the gluten so everyone can enjoy. Freedom never tasted so good!"				
87	5	AZTEC (PALE CHOCOLATE LAGER)	Wandana Brewing Co.	character	4.4%	EASY DRINKING	Lager - Pale	"An interesting twist on a classic beer style. Pale Lager Infused with Organic Cacao, this gives this once sacred ingredient the perfect canvas to shine."				
88	5	PIZZA BEER	Frexi Brewing	character	4.2%	ADVENTUROUS	Sour - Gose	"Pizza :D - Tomato, oregano, basil, salt"				
89	5	SNOWY’S KÖLSCH	Snowys Brewery	character	4.9%	EASY DRINKING	Kölsch	A mild aroma with fruity notes and a hint of Pineapple and passionfruit.				
90	5	HYPSTER LATTE STOUT	Jervis Bay Brewing Co	character	7%	STEPPING UP	Sour - Berliner Weisse	"Rich and full bodied with a smooth coffee finish, brewed with a special blend of coffee beans roasted in-house at a celebrated local coffee roaster. This is our take on a Café Latte Shakerato, with an Irish twist!"				
91	5	FRUITS ON FIRE - SPICY SOUR	Blasta Brewing Co	character	5%	EASY DRINKING	"Strawberry, Pineapple, Lime, and Jalapeno sour"	"Inspired by a holiday by the sea. Sunshine, salt air, and a tequila cocktail in your hand but with a spi-sea twist! Strawberry, Pineapple & Lime play host to Jalapeños to add some warmth to this sour."				
92	5	HAWKE'S BOB HULK DOUBLE HAZY IPA	Hawkes Brewing Co	character	8.5%	ADVENTUROUS	IPA - New England	"This sustainability-inspired, dangerously-delicious double hazy IPA is smashed with malted oats, grown by 2022 Landcarer of the Year, Bruce Maynard. It's a creamy, hazy, golden flavour storm, unleashing creamy coconut and tropical pineapple and mango, before a shower of citrus fruits and low bitterness lands across the palate. Smash responsibly."				
93	5	FEEDBACK	Lost Palms Brewing Co	character	14%	ADVENTUROUS	Sour - Pastry	"Marshmallow, heavy dosing of blackcurrant, blackberry and vanilla. Big & Bold Pastry Sour. Contains lactose"				
94	5	MSB CHOCOLATE BUBBLE IMPERIAL STOUT	Malt Shovel Brewers	character	7.1%	ADVENTUROUS	Stout - Pastry	"A throwback to a party favourite – chocolate, breakfast cereal that goes pop and coconut all contained in a stout that’s so big it’s imperial"				
95	5	BARREL AGED CERVEZA	Freshwater Brewing Co	character	6%	STEPPING UP	Lager - Pale	"Our classic Wedge Cerveza ABV has been beefed up and spent time resting on Mezcal oak which increases the corn and lime flavors whilst also adding an unique minerality, smokey and peppery note that only this mysterious elixir can provide."				
96	5	LIVING THE CREAM	10 Toes Brewing	character	5.8%	EASY DRINKING	IPA - Pastry	"Big Pastry vibes featuring oat malt for body, vanilla bean bringing the dessert, apricot puree for that sweet fruity hit and Sabro for the coconut aromas"				
97	5	YO HO!	Newstead Brewing Co	character	9.9%	ADVENTUROUS	Rum Porter	"Up at Sparrows fart to sail the seven banks of the Brisbane river, our fleet was plundered by Drunken Pirates. Devastated, we are left to rebuild with the shackles they left behind. A barrel of local rum, in-house caramelised raisins, rich dark molasses and some lactose for those long voyages. It’s a Yo ho ho and a Bottle of Rum… and Raisin Pud Pastry Stout. Loaded with rum and raisin goodness, balanced with a rich and complex malt profile, decadent molasses, a pleasing bitterness and the sweetness of a pastry stout. It’s a sipper, one to enjoy while watching the sun set, or rise."				
98	5	GULLS JUST WANNA HAVE FUN (FISH & CHIP GOSE)	Boatrocker Brewers & Distillers	character	5%	EASY DRINKING	ISour - Gose	"A refreshing and nostalgic seaside sour that will make you want to Flake from work and go straight to your happy Plaice. Briny salinity and umami from the sea harvest ingredients - sea urchin, shellfish shells, sea parsley & samphire - create an unexpectedly moreish drop when combined with fresh lemon peel and the bright and zesty flavours of a traditional gose. The addition of mashed potatoes into the mash (and the opportunity for wordplay here is not lost on us) rounds out this experimental brew with a satisfying familiarity that will have you asking 'where should we go next for ice cream?"				
99	5	STOUTINI 2.0	Little Creatures	character	7.8%	STEPPING UP	Stout - Imperial Nitro Coffee	"The GABS exclusive Stoutini is back with a twist! A nitro stout using cold-brewed Mexican coffee. Nitrogen infused for a frothy finish, this smooth, caffeinated wonder is Little Creatures take on the classic espresso martini cocktail."				
100	5	KEEPING IT SIMPLE	Bentspoke Brewery	character	6.8%	STEPPING UP	JAIPA (Just another IPA)	Take the road less travelled. Keeping it Simple is Just Another IPA.				
101	6	AWW DUCK YEAH!	Aunty Jacks	character	5.2%	STEPPING UP	Stout - Sweet Stout	"Inspired by something truly timeless - the A.W.W. Duck Cake - this Collab beer between Aunty Jacks of Ballarat and Noodledoof of Koroit is a sweet white stout brewed to showcase the hallmarks of the childhood cult classic. Brewed using a variety of specialty malts and rolled oats, sweetened with lactose, then spiced with Vanilla, Cacao, Green Coffee beans and some all-important popcorn, liquorice and crinkle cut chips (the beak!)"				
102	6	THE WAY OF TEA	Garage Project	character	7%	ADVENTUROUS	IPA - Hazy	"Smooth East Coast style IPA infused with Green Matcha, blending juicy citrus hops with a sweet umami twist of tea."				
103	6	NO PLACE LIKE AUS	Sierra Nevada	character	6.5%	STEPPING UP	IPA - Hoppy	"Australian hops headline this West Coast-style IPA, with Galaxy and Vic Secret teaming up for a Down Under medley of citrus, berries and sweet fruit, all rooted in a clean bitterness from trusty Magnum"				
104	6	PROPER GABS	Cloudwater Brew Co.	character	8%	ADVENTUROUS	IPA - New England (Double)	"The latest in our Proper DIPA series, celebrating a legendary Manchester yeast that has spanned thousands of generations. With the original recipes developed by our pals at JW Lees in 2017, we are continuing their memory through a beer that is modern, bold and supremely hoppy. This time we use bold new Strata hops, bringing a punchy floral and fruity aroma, apricot and melon flavours and full bodied sweetness balanced by a resinous finish."				
105	6	"HAIL MARY, HAIR OF THE DOG"	Hudson Brewing	character	5%	ADVENTUROUS	Saison/Farmhouse Ale	"The day after a big night out can be pretty daunting... Jump back in with this refreshing pick-me-up!""Hail Mary, Hair of the Dog"" - A Tomato Farmhouse style kick starter, a touch of tobassco and a pinch of salt. Welcome back to reality..."				
106	6	FIERY AZZURRO PILS	Impi Brewers	character	6.5%	STEPPING UP	Specialty Beer	"A spicy twist on a classic Italian Pilsner, with a subtle heat from habanero chilli that complements the crisp and refreshing taste. Perfect for a summer day or pairing with spicy foods."				
107	6	INVISIBLE ORANGES	Beerland	character	6.5%	EASY DRINKING	IPA - Black	"A dark, hoppy saision. Invisible Oranges will hit you with pronounced notes of dark chocolate and citrus fruit with being dry and balanced."				
108	6	FROOTIE & THE BLOWFISH	Rocky Ridge Brewing Co	character	8%	ADVENTUROUS	Fruit Beer	"Yo, we heard you like big dumb sours...We've got you covered with this rambunctious triple fruited imperial sour. Packed full of enough fruit to keep you buzzin' for a hot minute, there's only one thing you can do, get a mouthful of froooot."				
109	6	HOLD THE PORK	Hiker Brewing Co	character	5%	STEPPING UP	Specialty Beer	This amber rice lager is soured and infused with smoked pineapple and szechuan pepper to replicate everyone's favourite Chinese sauce.				
110	6	RASPBERRY LEMONADE	One Drop Brewing Co	character	6.2%	STEPPING UP	Specialty Brew	"Wowzer! Fresh Aussie lemons and raspberries combine give a nostalgic-inducing, thirst-quenching, summer-making tasty wee number that'll have you dreaming of deep red sunsets of the Botany lagoon."				
111	6	LUCKY CHARMS CEREAL MILK STOUT	Rusty Penny Brewing	character	7.2%	STEPPING UP	Stout - Sweet Stout	Big Bold Thick and Sweet. The creation of our sales team led by Chris Sincek as he said 'going to the dark side' it boasts big rich stout flavour with thickness from the Oats in and sweetness from the marshmallow cereal. enjoy by the pint				
112	6	RONIN - JAPANESE DOUBLE IPA	Southern Highlands Brewing Co	character	7%	ADVENTUROUS	IPA - Double	Blending rice and malted barley along side of Japanese bred Sorachi Ace used as a late addition and dry hop.				
113	6	SPICY WOMBAT	Roots & Leaves	character	6%	STEPPING UP	Ginger/Spiced Beer	"It's not commonly known, but the Spicy Wombat feasts on much more than just Roots and Leaves. He also devours spicy fire fruit chillies turned into Danger Dust and tempers it with limes for the ultimate in ginger beer flavours. This is a beer to cleanse your pallet and get a reset, or to use as the backbone for your fried snacks. You can womble like a wombat and have Roots and Leaves, or you can spice it up and try the Spicy Wombat to give so much more. Do you even dare bro?"				
114	6	CHERRY NICE GRAF	Funk Cider	character	7.5%	ADVENTUROUS	Graf (Cider/Beer blend)	What could make a cider better...beer with cherries on top! Old Style Saison Graf (cider and beer) co-fermented with freshly juiced cherries Dry style with a hint of spice and cherry sweetness				
115	6	PINEAPPLE EXPRESS	Hohly Water	character	4.5%	EASY DRINKING	Seltzer	"Delightful champagne notes combined with a burst of tropical fruit aromas. It has a rich, pillowy mouthfeel that is perfectly balanced with a mellow coconut flavor shining through."				
116	6	BARREL AGED SELTZERITA	Felons Brewing Co	character	13%	ADVENTUROUS	Seltzer	"Australian agave spirit barrel aged seltzer with lime and a hint of jalapeño. Having spent months in Australian agave spirit barrels, this super charged version of our fermented seltzer gains a smooth oaky character and a distinctive rich spirit note. Combined with lime zest and a dash of jalapeño we’ve created an unconventional take on the classic margarita."				
117	6	APPLE AND BLACK CURRANT CIDER	Cedar Creek Cider	character	4.5%	EASY DRINKING	Cider	"This is our take on fresh new-world black currant and apple cider. It’s medium sweet with enough acidity to provide balance and a refreshing finish. The black currant is subtle, although present, with similarities to summer berries, cassis, and ripe dark cherries."				
118	6	SOUR PINEAPPLE CIDER	Spreyton Cider Co	character	3.5%	EASY DRINKING	Cider	"Sour drops and Warheads! This will make your lips smack, we have combined our base apple cider with some seriously zingy pineapple juice - made down the road at our juicing operations. Apple-Pineapple sherbet, sour fizz."				
119	6	EDDIES ORGANIC CIDER - CRISP APPLE	Eddies Cider	character	4.5%	EASY DRINKING	Cider	"Aromas of fresh organic apples with background hints of pineapple and citrus, the palate is well-balanced between acid and sweetness giving the apples full expression of their own character. The flavour is pleasingly appley with zesty freshness and mouth-filling roundness with a clean, lingering finish."				
120	6	SPLICER	Flying Brick Cider Co	character	4.9%	EASY DRINKING	Cider	"A beverage salute to an iconic ice-cream. Cloudy blonde chartreuse in colour. Lashings of fresh Passionfruit, Pineapple & Lime curate a sublime fusion with the soft, creamy vanilla Pear Cider base. Refreshing tropical sweet fruit flavour balanced with naturally dryish zesty acid crunch."				
